observation_date,gdp_per_capita
1947-01-01,1699
1947-04-01,1711
1947-07-01,1728
1947-10-01,1790
1948-01-01,1824
1948-04-01,1863
1948-07-01,1900
1948-10-01,1899
1949-01-01,1855
1949-04-01,1823
1949-07-01,1826
1949-10-01,1802
1950-01-01,1862
1950-04-01,1919
1950-07-01,2028
1950-10-01,2096
1951-01-01,2192
1951-04-01,2236
1951-07-01,2273
1951-10-01,2293
1952-01-01,2307
1952-04-01,2306
1952-07-01,2338
1952-10-01,2410
1953-01-01,2447
1953-04-01,2461
1953-07-01,2447
1953-10-01,2403
1954-01-01,2389
1954-04-01,2384
1954-07-01,2403
1954-10-01,2445
1955-01-01,2516
1955-04-01,2557
1955-07-01,2598
1955-10-01,2626
1956-01-01,2632
1956-04-01,2658
1956-07-01,2677
1956-10-01,2718
1957-01-01,2761
1957-04-01,2762
1957-07-01,2794
1957-10-01,2754
1958-01-01,2702
1958-04-01,2717
1958-07-01,2784
1958-10-01,2850
1959-01-01,2899
1959-04-01,2957
1959-07-01,2958
1959-10-01,2965
1960-01-01,3026
1960-04-01,2999
1960-07-01,3009
1960-10-01,2968
1961-01-01,2984
1961-04-01,3030
1961-07-01,3083
1961-10-01,3140
1962-01-01,3201
1962-04-01,3224
1962-07-01,3258
1962-10-01,3262
1963-01-01,3302
1963-04-01,3334
1963-07-01,3398
1963-10-01,3435
1964-01-01,3508
1964-04-01,3543
1964-07-01,3600
1964-10-01,3614
1965-01-01,3710
1965-04-01,3764
1965-07-01,3850
1965-10-01,3953
1966-01-01,4065
1966-04-01,4101
1966-07-01,4163
1966-10-01,4220
1967-01-01,4264
1967-04-01,4278
1967-07-01,4348
1967-10-01,4417
1968-01-01,4547
1968-04-01,4661
1968-07-01,4731
1968-10-01,4803
1969-01-01,4919
1969-04-01,4985
1969-07-01,5074
1969-10-01,5099
1970-01-01,5151
1970-04-01,5214
1970-07-01,5287
1970-10-01,5281
1971-01-01,5490
1971-04-01,5576
1971-07-01,5662
1971-10-01,5705
1972-01-01,5884
1972-04-01,6041
1972-07-01,6140
1972-10-01,6306
1973-01-01,6522
1973-04-01,6680
1973-07-01,6757
1973-10-01,6940
1974-01-01,6996
1974-04-01,7163
1974-07-01,7285
1974-10-01,7451
1975-01-01,7512
1975-04-01,7660
1975-07-01,7905
1975-10-01,8125
1976-01-01,8377
1976-04-01,8506
1976-07-01,8641
1976-10-01,8836
1977-01-01,9063
1977-04-01,9347
1977-07-01,9604
1977-10-01,9784
1978-01-01,9935
1978-04-01,10490
1978-07-01,10743
1978-10-01,11078
1979-01-01,11272
1979-04-01,11530
1979-07-01,11834
1979-10-01,12046
1980-01-01,12303
1980-04-01,12302
1980-07-01,12525
1980-10-01,13055
1981-01-01,13634
1981-04-01,13770
1981-07-01,14158
1981-10-01,14209
1982-01-01,14150
1982-04-01,14368
1982-07-01,14479
1982-10-01,14599
1983-01-01,14872
1983-04-01,15292
1983-07-01,15725
1983-10-01,16137
1984-01-01,16587
1984-04-01,16984
1984-07-01,17258
1984-10-01,17487
1985-01-01,17798
1985-04-01,18032
1985-07-01,18371
1985-10-01,18564
1986-01-01,18794
1986-04-01,18910
1986-07-01,19122
1986-10-01,19283
1987-01-01,19512
1987-04-01,19818
1987-07-01,20091
1987-10-01,20548
1988-01-01,20775
1988-04-01,21208
1988-07-01,21531
1988-10-01,21952
1989-01-01,22362
1989-04-01,22721
1989-07-01,22993
1989-10-01,23139
1990-01-01,23591
1990-04-01,23868
1990-07-01,24003
1990-10-01,23877
1991-01-01,23925
1991-04-01,24211
1991-07-01,24436
1991-10-01,24583
1992-01-01,24896
1992-04-01,25233
1992-07-01,25513
1992-10-01,25867
1993-01-01,25979
1993-04-01,26206
1993-07-01,26397
1993-10-01,26816
1994-01-01,27133
1994-04-01,27553
1994-07-01,27783
1994-10-01,28167
1995-01-01,28344
1995-04-01,28485
1995-07-01,28776
1995-10-01,29022
1996-01-01,29307
1996-04-01,29834
1996-07-01,30102
1996-10-01,30480
1997-01-01,30778
1997-04-01,31263
1997-07-01,31687
1997-10-01,31964
1998-01-01,32248
1998-04-01,32534
1998-07-01,32980
1998-10-01,33504
1999-01-01,33842
1999-04-01,34161
1999-07-01,34626
1999-10-01,35283
2000-01-01,35556
2000-04-01,36339
2000-07-01,36490
2000-10-01,36808
2001-01-01,36845
2001-04-01,37211
2001-07-01,37110
2001-10-01,37234
2002-01-01,37582
2002-04-01,37860
2002-07-01,38099
2002-10-01,38274
2003-01-01,38584
2003-04-01,38976
2003-07-01,39752
2003-10-01,40362
2004-01-01,40801
2004-04-01,41358
2004-07-01,41911
2004-10-01,42561
2005-01-01,43285
2005-04-01,43718
2005-07-01,44350
2005-10-01,44850
2006-01-01,45675
2006-04-01,46089
2006-07-01,46361
2006-10-01,46807
2007-01-01,47289
2007-04-01,47802
2007-07-01,48216
2007-10-01,48592
2008-01-01,48457
2008-04-01,48875
2008-07-01,48865
2008-10-01,47799
2009-01-01,47123
2009-04-01,46865
2009-07-01,46977
2009-10-01,47525
2010-01-01,47797
2010-04-01,48403
2010-07-01,48821
2010-10-01,49256
2011-01-01,49302
2011-04-01,49873
2011-07-01,50056
2011-10-01,50573
2012-01-01,51205
2012-04-01,51554
2012-07-01,51803
2012-10-01,52015
2013-01-01,52652
2013-04-01,52816
2013-07-01,53415
2013-10-01,54051
2014-01-01,53972
2014-04-01,54878
2014-07-01,55652
2014-10-01,55869
2015-01-01,56243
2015-04-01,56815
2015-07-01,57072
2015-10-01,57055
2016-01-01,57234
2016-04-01,57705
2016-07-01,58144
2016-10-01,58636
2017-01-01,59132
2017-04-01,59527
2017-07-01,60196
2017-10-01,61146
2018-01-01,61960
2018-04-01,62646
2018-07-01,63210
2018-10-01,63479
2019-01-01,64000
2019-04-01,64794
2019-07-01,65665
2019-10-01,66222
2020-01-01,65535
2020-04-01,60089
2020-07-01,65327
2020-10-01,66450
2021-01-01,68232
2021-04-01,70342
2021-07-01,71917
2021-10-01,74380
2022-01-01,75614
2022-04-01,77268
2022-07-01,78505
2022-10-01,79713
2023-01-01,80842
2023-04-01,81542
2023-07-01,82867
2023-10-01,83630
2024-01-01,84407
2024-04-01,85361
2024-07-01,86235
2024-10-01,87125